clave,Texto catalan,,
news.hero.title,Últimes notícies sobre transport marítim,,
news.hero.subtitle,"Descobriu informació exclusiva i actualitzada sobre el transport marítim internacional, amb especial atenció a Europa i al Nord d'Àfrica.",,
news.featured.readMore,Seguir llegint,,
news.sidebar.title,Articles recents,,
news.meta.title,Últimes notícies | Bongiorno Transport,,
news.meta.description,"Conegueu les últimes notícies i perspectives sobre transport internacional, logística i cadena de subministrament.",,
privacy.title,Política de privadesa,,
privacy.lastUpdated,Darrera actualització: 09/12/2025,,
privacy.controller.name,Bongiorno Srl,,
privacy.controller.piva,10408830155,,
privacy.controller.address,"Via del Gonfalone 4, 20123 Milano (MI) – Seu Secundària: Via Marsala 40/c, 21013 Gallarate (VA)",,
privacy.controller.email,bongiornosrl@bongiornosrl.com,,
privacy.controller.pec,bongiornosrl@legalmail.it,,
privacy.sections[0].id,intro,,
privacy.sections[0].heading,Informació d'acord amb l'art. 13 del GDPR,,
privacy.sections[0].subtitle,Reglament UE 2016/679 i D.Lgs. 196/2003,,
privacy.sections[0].content[0],"Us informem que les vostres dades personals seran tractades d'acord amb la normativa en matèria de protecció de dades personals, Reglament UE 2016/679 (“GDPR”) i D. Lgs. 196/2003 i ss.mm.ii. (“Codi de Privadesa”).",,
privacy.sections[1].id,dpo,,
privacy.sections[1].heading,Data Protection Officer (DPO),,
privacy.sections[1].content[0],"L'Empresa ha designat un Data Protection Officer (DPO), que pot ser contactat a la següent adreça de correu electrònic:",,
privacy.sections[1].content[1],luca.confalonieri@bongiornosrl.com,,
privacy.sections[2].id,data-categories,,
privacy.sections[2].heading,Categories de dades personals tractades,,
privacy.sections[2].content[0],Seran objecte de tractament les categories de dades següents:,,
privacy.sections[2].list[0],Dades personals de persones físiques que contacten amb l'empresa a través del lloc web o altres canals per sol·licitar cotitzacions o informacions.,,
privacy.sections[2].list[1],Dades societàries de subjectes diferents de persones físiques involucrades en sol·licituds o gestió d'enviaments.,,
privacy.sections[2].list[2],Dades relatives als béns a enviar.,,
privacy.sections[2].list[3],Dades relatives als llocs de recollida i entrega.,,
privacy.sections[2].list[4],"Dades relatives a la idoneïtat dels mitjans de transport i dels conductors per a enviaments subjectes a autoritzacions/restriccions específiques (per exemple mercaderies ADR/IMO, fora de gàlib).",,
privacy.sections[2].list[5],"Dades de les persones de contacte per a la cotització, els encàrrecs d'enviament, les sol·licituds d'informació, la facturació, els pagaments, la gestió d'impagaments i les contestacions.",,
privacy.sections[2].list[6],"Dades necessàries per satisfer exigències de transport, duanes i obligacions administratives requerides per Autoritats Públiques, Duanes, Transportistes, Navilieres, Companyies Aèries, Agents de Duanes, Companyies Asseguradores, Bancs, Auxiliars del transport i Forces de l'Ordre, tant nacionals com de la UE i extra-UE.",,
privacy.sections[3].id,legal-basis,,
privacy.sections[3].heading,Finalitats i bases jurídiques del tractament,,
privacy.sections[3].content[0],El tractament es fa exclusivament per a la consecució de les finalitats indicades pel Responsable.,,
privacy.sections[3].content[1],La base jurídica del tractament es fonamenta en:,,
privacy.sections[3].list[0],Consentiment;,,
privacy.sections[3].list[1],Execució de mesures precontractuals/contractuals de què l'interessat és part;,,
privacy.sections[3].list[2],Compliment d'obligacions legals a què està subjecte el responsable;,,
privacy.sections[3].list[3],Salvaguarda dels interessos vitals de linteressat o duna altra persona física;,,
privacy.sections[3].list[4],Execució duna missió dinterès públic o associada a lexercici de poders públics;,,
privacy.sections[3].list[5],Persecució de linterès legítim del Responsable o de tercers.,, l'interès legítim
privacy.sections[4].id,methods,,
privacy.sections[4].heading,Modalitats del tractament,,
privacy.sections[4].content[0],"El tractament es pot fer amb l'ús d'eines manuals, informàtiques i telemàtiques o sense.",,"amb o sense l'ús d'eines manuals, informàtiques i telemàtiques."
privacy.sections[4].content[1],"S'adopten mesures adequades per garantir la seguretat i la confidencialitat de les dades, d'acord amb els requisits legals.",,
privacy.sections[4].content[2],Durant el tractament no s'aplica cap procés de presa de decisions automatitzat.,,
privacy.sections[5].id,data-provision,,
privacy.sections[5].heading,Provisió de les dades personals,,
privacy.sections[5].content[0],La provisió de dades personals és estrictament necessària per a les finalitats indicades.,,
privacy.sections[5].content[1],La negativa total o parcial a proporcionar dades pot impedir l'execució del servei d'enviament.,,
privacy.sections[6].id,data-communication,,
privacy.sections[6].heading,Comunicació de les dades personals,,
privacy.sections[6].content[0],"Per a la consecució de les finalitats indicades, les dades personals podran ser comunicades a:",,
privacy.sections[6].list[0],Personal autoritzat d'acord amb l'art. 29 del GDPR i art. 2-quaterdecies del Codi de Privadesa;,,
privacy.sections[6].list[1],Empreses terceres designades com a Encarregats del tractament conforme a l'art. 28 del GDPR.,,
privacy.sections[6].content_after_list[0],L'interessat pot sol·licitar informació addicional escrivint al DPO els contactes indicats.,,
privacy.sections[7].id,transfer,,
privacy.sections[7].heading,Transferència de dades a l'estranger,,
privacy.sections[7].content[0],"Les dades personals es poden transferir a països de la UE, extra-UE o organitzacions internacionals depenent del servei sol·licitat.",,
privacy.sections[7].content[1],"En cas de transferència a països extra-UE, l'interessat atorga autorització expressa com a excepció als arts. 45 i seg. GDPR, en funció de les exigències i la localització territorial relacionada amb l'execució de l'encàrrec.",,
privacy.sections[8].id,rights,,
privacy.sections[8].heading,Drets de linteressat,,de l'interessat
privacy.sections[8].content[0],"Linteressat té dret a exercir en qualsevol moment els drets previstos pels arts. 15–22 del GDPR, entre ells:",,L'interessat
privacy.sections[8].list[0],"Accés a les dades personals ia la informació sobre finalitats, categories de dades, destinataris i període de conservació;",, i a la
privacy.sections[8].list[1],Rectificació de dades inexactes o integració de dades incompletes;,,
privacy.sections[8].list[2],Supressió de les dades en els casos previstos pel GDPR;,,
privacy.sections[8].list[3],Limitació del tractament;,,
privacy.sections[8].list[4],Portabilitat de les dades a un altre Responsable;,,
privacy.sections[8].list[5],Revocació del consentiment sense perjudici de la licitud del tractament previ;,,
privacy.sections[8].list[6],Oposició al tractament d'acord amb l'art. 21 GDPR;,,
privacy.sections[8].list[7],Dret a presentar una reclamació davant de l'Autoritat de Protecció de Dades (www.garanteprivacy.it).,,
privacy.sections[9].id,how-to-exercise,,
privacy.sections[9].heading,Modalitats per exercir els drets,,
privacy.sections[9].content[0],L'interessat pot exercir els seus drets escrivint al Responsable o al DPO els contactes indicats a la present política.,,
privacy.sections[9].content[1],Email del Responsable: bongiornosrl@bongiornosrl.com,,
privacy.sections[9].content[2],PAC: bongiornosrl@legalmail.it,,
privacy.sections[9].content[3],Email del DPO: luca.confalonieri@bongiornosrl.com,,
cookies.title,Utilitzem cookies ?,,
cookies.text,"Utilitzem galetes tècniques i, previ consentiment, analítiques per millorar la seva experiència.",,
cookies.privacyLink,Política de privadesa,,
cookies.accept,Acceptar-ho tot,,
cookies.decline,Rebutjar,,
cookies.customize,Personalitzi,,
cookies.customizeTitle,Preferències de cookies,,
cookies.customizeText,Trieu les categories de galetes que voleu autoritzar.,,
cookies.cancel,Cancel·la,,
cookies.save,Desar preferències,,
cookies.categories.essential.title,Essencials,,
cookies.categories.essential.desc,Cookies necessàries per al funcionament del lloc.,,
cookies.categories.analytics.title,Analítica,,
cookies.categories.analytics.desc,Galetes que ens ajuden a comprendre l'ús del lloc (Google Analytics).,,
cookies.categories.marketing.title,Màrqueting,,
cookies.categories.marketing.desc,Cookies utilitzades per a campanyes publicitàries i remàrqueting.,,
common.index,Índex,,
common.company,Bongiorno SRL,,
common.preventivo,Sol·licitar cotització,,
common.back_news,Tornar a les notícies,,
common.fallback_notice,Aquest article encara no està disponible en aquest idioma. Se'n mostra la versió italiana.,,
destinations.marocco.title,Transport Marroc,,
destinations.marocco.claim,La nostra dedicació al Marroc està consolidada des de fa dècades. Hem seleccionat i enfortit en el temps una col·laboració amb una realitat local que viatjava a la nostra mateixa ona. Per aconseguir lobjectiu comú de donar als clients cada vegada més motius per triar el nostre servei.,,
destinations.marocco.intro,"Oferim transport des d'Espanya, França i Itàlia als ports principals del Marroc.",,
destinations.marocco.image,/img/dest-marocco.webp,,
destinations.marocco.mapCoords[0],-144.46.00,,
destinations.marocco.mapCoords[1],162.57.00,,
destinations.marocco.mapMarkers[0].name,Casablanca,,
destinations.marocco.mapMarkers[0].coords[0],-105.18.00,,
destinations.marocco.mapMarkers[0].coords[1],128.31.00,,
destinations.marocco.mapMarkers[1].name,Tànger,,
destinations.marocco.mapMarkers[1].coords[0],-140.27.00,,
destinations.marocco.mapMarkers[1].coords[1],161.35.00,,
destinations.marocco.paragraphs[0],Les nostres dècades d'experiència ens permeten garantir el millor moment al mercat marroquí.,,
destinations.marocco.paragraphs[1],"Sabem que la rapidesa, no només en el transport, sinó també i sobretot en les intervencions a totes les dinàmiques locals, és una carta guanyadora per donar als nostres serveis d'enviament una garantia de qualitat.",,
destinations.marocco.paragraphs[2],"Coneixem la importància de la documentació que permet a tots els comerciants dur a terme les seves transaccions, i aconsellem i suggerim, fins i tot abans que comenci l'enviament, qualsevol particularitat que ho faci possible.",,
destinations.marocco.servicesTitle,Serveis Marroc,,
destinations.marocco.services[0],Serveis regulars de grupatge per mar a Casablanca,,d'agrupatge
destinations.marocco.services[1],"Possibilitat de carregar mercaderies perilloses completes i en grupatge, material rodant i càrregues excepcionals",,agrupatge
destinations.marocco.services[2],Possibilitat de lliuraments a domicili a tot el Marroc,,
destinations.marocco.services[3],Transport setmanal als ports de Tànger i Casablanca,,
destinations.marocco.services[4],Temps de trànsit molt ràpids,,
destinations.marocco.services[5],Assegurança a tot risc a petició,,
destinations.libia.title,Transport Líbia i Mauritània,,
destinations.libia.claim,"La cobertura total del Magrib també ens porta aquí. Amb la mateixa cura i atenció, amb serveis regulars de contenidors complets als principals ports.",,
destinations.libia.intro,"Oferim transport des d'Espanya, França i Itàlia als principals ports libis i mauritans.",,
destinations.libia.image,/img/dest-líbia-mauritània.webp,,
destinations.libia.mapCoords[0],13,,
destinations.libia.mapCoords[1],22,,
destinations.libia.mapMarkers[0].name,Trípoli,,
destinations.libia.mapMarkers[0].coords[0],44.53.00,,
destinations.libia.mapMarkers[0].coords[1],179.52.00,,
destinations.libia.mapMarkers[1].name,Mesura,,
destinations.libia.mapMarkers[1].coords[0],15.1,,
destinations.libia.mapMarkers[1].coords[1],32.37.00,,
destinations.libia.mapMarkers[2].name,Bengasi,,
destinations.libia.mapMarkers[2].coords[0],31.07.00,,
destinations.libia.mapMarkers[2].coords[1],51.27.00,,
destinations.libia.mapMarkers[3].name,Nouakchott,,
destinations.libia.mapMarkers[3].coords[0],-178.05.00,,
destinations.libia.mapMarkers[3].coords[1],32.18.00,,
destinations.libia.mapMarkers[4].name,Nouadhibou,,
destinations.libia.mapMarkers[4].coords[0],-22.33.00,,
destinations.libia.mapMarkers[4].coords[1],175.33.00,,
destinations.libia.paragraphs[0],"Les nostres dècades d'experiència i qualitat dels nostres serveis, certificats segons la norma ISO9001, ens permeten garantir uns serveis de transport complets, ràpids i eficaços.",,
destinations.libia.servicesTitle,Serveis per a Líbia i Mauritània,,
destinations.libia.services[0],Serveis regulars en contenidors complets,,
destinations.libia.services[1],"Transport setmanal als ports de Trípoli, Misurata i Bengasi, Nouakchott i Nuadibú.",,
destinations.libia.services[2],Possibilitat de carregar mercaderies perilloses i càrregues excepcionals,,
destinations.libia.services[3],Assegurança a tot risc a petició,,
destinations.mondo.title,El transport al món,,
destinations.mondo.claim,Gràcies als nostres socis de WCA arribem a tot arreu amb la qualitat garantida per la més gran i més extensa xarxa de transitaris internacionals.,,
destinations.mondo.intro,Serveis amb certificació mundial garantits per la nostra pertinença a la xarxa WCA.,,
destinations.mondo.image,/img/mondo.webp,,
destinations.mondo.mapCoords[0],21.13,,
destinations.mondo.mapCoords[1],46.06.00,,
destinations.mondo.mapMarkers[0].name,Canal de Panamà,,
destinations.mondo.mapMarkers[0].coords[0],-79.8,,
destinations.mondo.mapMarkers[0].coords[1],9.1,,
destinations.mondo.mapMarkers[1].name,Singapur,,
destinations.mondo.mapMarkers[1].coords[0],103.8,,
destinations.mondo.mapMarkers[1].coords[1],1.35,,
destinations.mondo.mapMarkers[2].name,Rotterdam,,
destinations.mondo.mapMarkers[2].coords[0],4.48,,
destinations.mondo.mapMarkers[2].coords[1],52.32.00,,
destinations.mondo.mapMarkers[3].name,Nova York,,
destinations.mondo.mapMarkers[3].coords[0],-74,,
destinations.mondo.mapMarkers[3].coords[1],40.7,,
destinations.mondo.servicesTitle,Serveis amb certificació mundial,,
destinations.mondo.services[0],Garantia de servei de la xarxa WCA,,
destinations.mondo.services[1],OEA i qualificació d'operador de qualitat ISO 9001,,
destinations.mondo.services[2],Sortides regulars en contenidors complets i grupatge,,
destinations.mondo.services[3],"Possibilitat de transportar Project Càrrec, mercaderies perilloses i càrregues excepcionals",,Projet Cargo 
destinations.mondo.services[4],Utilització de vectors regulars de primera importància i fiabilitat,,
destinations.mondo.services[5],Assegurança a tot risc a petició,,
destinations.algeria.title,Transport Algèria,,
destinations.algeria.claim,Tenim la nostra pròpia estructura a la zona des de fa molts anys. En coneixem la dinàmica i les peculiaritats. Vivim diàriament els canvis normatius i som capaços de prendre mesures immediates per garantir-ne el compliment.,,
destinations.algeria.intro,"Oferim transport des d'Espanya, França i Itàlia als ports d'Alger, Orà i tots els principals ports algerians.",,Oran
destinations.algeria.image,/img/dest-algeria.webp,,
destinations.algeria.mapCoords[0],107.33.00,,
destinations.algeria.mapCoords[1],28,,
destinations.algeria.mapMarkers[0].name,Algèria,,
destinations.algeria.mapMarkers[0].coords[0],12.48,,
destinations.algeria.mapMarkers[0].coords[1],161.38.00,,
destinations.algeria.mapMarkers[1].name,Orà,,
destinations.algeria.mapMarkers[1].coords[0],-106.57.00,,
destinations.algeria.mapMarkers[1].coords[1],151.27.00,,
destinations.algeria.paragraphs[0],L'experiència adquirida al llarg del temps i la presència de personal propi a la zona garanteixen la qualitat dels serveis i la fiabilitat de la infraestructura posada a la disposició dels clients.,,
destinations.algeria.paragraphs[1],"Sabem com la rapidesa, no només en el transport, sinó també i sobretot a la feina sobre totes les dinàmiques locals, és una carta per donar als nostres serveis de transport marítim una garantia de qualitat.",,
destinations.algeria.paragraphs[2],"Coneixem la importància de la documentació que permet a tots els comerciants dur a terme les seves transaccions, i aconsellem i suggerim, fins i tot abans que comenci l'enviament, qualsevol particularitat que ho faci possible.",,
destinations.algeria.servicesTitle,Serveis Algèria,,
destinations.algeria.services[0],Serveis regulars de grupatge per mar a Alger i Orà,,
destinations.algeria.services[1],Serveis regulars de contenidors a tots els ports algerians,,
destinations.algeria.services[2],"Possibilitat de carregar mercaderies perilloses completes i en grupatge, material rodant i càrregues excepcionals",,
destinations.algeria.services[3],Possibilitat de lliuraments porta a porta a tota Algèria,,
destinations.algeria.services[4],Temps de trànsit molt ràpids,,
destinations.algeria.services[5],Assegurança a tot risc a petició,,
destinations.tunisia.title,Tunísia Transport,,
destinations.tunisia.claim,Som un punt de referència al país per al transport cap ai des de l'Europa mediterrània.,,"cap a, i des de"
destinations.tunisia.intro,"Un creixement continu gràcies als nostres clients que, amb la seva fidelitat i gratitud, ens han donat l'impuls necessari per intentar satisfer les seves expectatives i exigències amb una cura i una atenció cada vegada més grans.",,
destinations.tunisia.image,/img/destinacions/tunisia.webp,,
destinations.tunisia.mapCoords[0],10.18,,
destinations.tunisia.mapCoords[1],36.8,,
destinations.tunisia.paragraphs[0],"Oferim transport des d'Espanya, França i Itàlia als ports de Tunísia, Susse i Sfax.",,Sousse
destinations.tunisia.paragraphs[1],"Les nostres dècades d'experiència i la nostra completa cadena de subministrament, amb magatzems propis i personal local, ens permeten garantir els millors terminis al mercat tunisià.",,
destinations.tunisia.paragraphs[2],L'experiència adquirida al llarg del temps i la presència de personal propi a la zona garanteixen la qualitat dels serveis i la fiabilitat de la infraestructura posada a la disposició dels clients.,,
destinations.tunisia.paragraphs[3],"Sabem com la rapidesa, no només en el transport, sinó també i sobretot a la feina sobre totes les dinàmiques locals, és una carta per donar als nostres serveis de transport marítim una garantia de qualitat.",,
destinations.tunisia.paragraphs[4],"Coneixem la importància de la documentació que permet a tots els comerciants dur a terme les seves transaccions, i aconsellem i suggerim, fins i tot abans que comenci l'enviament, qualsevol particularitat que ho faci possible.",,
destinations.tunisia.servicesTitle,Serveis Tunísia,,
destinations.tunisia.services[0],"Serveis quinzenals de grupatge a Tunísia, Susse i Sfax",,Sousse
destinations.tunisia.services[1],Serveis multisetmanals en contenidors i remolcs complets als principals ports tunisians,,
destinations.tunisia.services[2],"Possibilitat de carregar mercaderies perilloses completes i en grupatge, material rodant i càrregues excepcionals",,agrupatge
destinations.tunisia.services[3],Possibilitat de lliuraments porta a porta a tot Tunísia,,
destinations.tunisia.services[4],Temps de trànsit molt ràpids,,
destinations.tunisia.services[5],Assegurança a tot risc a petició,,
destinations.tunisia.cta,Demana una cotització,,
nav.home,Inici,,
nav.services,Serveis,,
nav.destinations,Destinacions,,
nav.scopri,Descobreix,,
nav.contacts,Contactes,,
nav.about,Qui som,,
nav.news,Notícies,,
nav.mondo,Món,,
nav.tunisia,Tunísia,,
nav.algeria,Algèria,,
nav.marocco,Marroc,,
nav.libia,Líbia i Mauritània,,
nav.mauritania,Mauritània,,
home.hero.title,BONGIORN TRANSPORTS,,Bongiorno
home.hero.subtitle,Transport internacional,,
home.hero.claim,"Des de 1985 connectem amb dedicació i cura els principals ports europeus de la Mediterrània amb el Magrib: Tunísia, Algèria i el Marroc en primer lloc, però també moltes altres destinacions, servint cada any a més de 60 països de tot el món.",,
home.hero.ctas[0].href,#129837,,
home.hero.ctas[0].label,Demana una cotització,,
home.hero.ctas[1].href,/contactes,,
home.hero.ctas[1].label,Contacta'ns,,
home.intro[0],"Els nostres serveis cap als ports del nord d'Àfrica estan estructurats per garantir unes condicions de transport particularment favorables, però sobretot per guiar i ajudar els operadors en totes les fases que precedeixen els enviaments i portar-los a una conclusió d'èxit.",,
home.intro[1],És la nostra presència diària a l'àrea el que ens permet estar sempre actualitzats sobre els procediments i les regulacions que canvien amb freqüència en aquests mercats.  Per assolir aquest objectiu hem invertit molt en les estructures i persones que ens permetin fer-les funcionar de manera dinàmica i eficaç.,,
home.intro[2],"Estem presents a Tunísia als tres ports principals. Tunísia, Sousse i Sfax. A Algèria, la nostra oficina d'Alger gestiona i garanteix les operacions a tots els ports algerians. Al Marroc aprofitem una relació d'agència consolidada que, amb el temps, ens ha permès créixer i donar solidesa i fiabilitat als nostres serveis.",,
home.intro[3],"T.I.Bongiorno Espanya,S.L.U. i Bongiorno France completen la nostra estructura, permetent donar cobertura a tots els principals canals de trànsit que, des d'Europa, desemboquen a la Mediterrània amb destinació a les destinacions del nord d'Àfrica.",,
home.intro[4],"Les nostres consignes: Puntualitat, Disponibilitat i Reactivitat per afrontar eficaçment tots els possibles imprevistos.",,
home.intro[5],Estem preparats per ser el vostre soci de confiança per a qualsevol transport al nord d'Àfrica i més enllà.,,
home.destinations.title,Destinacions de Transport Nord d'Àfrica-Magreb,,
home.destinations.items[0].title,Transport Tunísia,,
home.destinations.items[0].text,Al nostre ADN des dels orígens. La nostra línia històrica des del 1985.,,
home.destinations.items[0].image,/img/tunisia.webp,,
home.destinations.items[0].href,/túnsia,,
home.destinations.items[1].title,Transport Algèria,,
home.destinations.items[1].text,Gran país on creiem i invertim construint serveis a mida.,,
home.destinations.items[1].image,/img/algeria.webp,,
home.destinations.items[1].href,/algèria,,
home.destinations.items[2].title,Transport Marroc,,
home.destinations.items[2].text,Acompanyem la teva mercaderia fins a la porta del teu client. Del desert als cims de l'Atlas.,,
home.destinations.items[2].image,/img/marocco.webp,,
home.destinations.items[2].href,/marroc,,
home.destinations.items[3].title,Líbia i Mauritània,,
home.destinations.items[3].text,La cobertura total del Magrib també ens porta fins aquí. Amb la mateixa cura i atenció.,,
home.destinations.items[3].image,/img/libia.webp,,
home.destinations.items[3].href,/líbia,,
home.destinations.items[4].title,Transport Món,,
home.destinations.items[4].text,Gràcies als nostres partners certificats WCA arribem a tot arreu amb les màximes garanties.,,
home.destinations.items[4].image,/img/mondo.webp,,
home.destinations.items[4].href,/món,,
home.services.title,Serveis,,
home.services.intro[0],La teva confiança és el motor dels nostres transports. Esperem poder demostrar-te que superarem les teves expectatives. Trieu les nostres solucions de transport i descobriu el veritable significat d'un servei d'enviament de primera classe.,,
home.services.items[0].title,Transport en Grupatge,,d'agrupatge
home.services.items[0].description,Confiar en els que saben gestionar els petits i mitjans enviaments amb la cura i la rapidesa adequats és de vital importància per no interrompre mai l'activitat productiva o comercial.,,
home.services.items[1].title,Transport excepcional i Project Càrrec,,Projet Cargo 
home.services.items[1].description,"Un tipus de transport que requereix no només un profund coneixement, sinó també un estudi detingut de les rutes, normatives i característiques de les mercaderies i dels territoris on es realitzen els enviaments.",,
home.services.items[2].title,Serveis Full Containers,,
home.services.items[2].description,"Freqüències i temps de trànsit extremadament ràpids, disponibilitat d'espai a bord dels vaixells i una gran varietat de tipus de contenidors per satisfer les necessitats més variades.",,
home.services.items[3].title,Segur ''Tot Risc'',,Assegurança a tot risc
home.services.items[3].description,Per a aquells que mai no volen deixar res a l'atzar. Una pòlissa de seguretat que protegeix contra qualsevol risc durant el transport. La clau per a una expedició pacífica. La nostra sòlida pòlissa “tot risc” està disponible prèvia sol·licitud.,,
home.content.title,No som només transitaris,,
home.content.intro1,"Entenem que el món de la logística pot ser complex, però som aquí per posar-t'ho més fàcil.",,
home.content.intro2,Què ens diferencia dels altres? La nostra missió és aconseguir que la seva mercaderia arribi a destinació en perfectes condicions i en el menor temps possible.,,
home.content.intro3,Estem orgullosos d'haver creat al llarg del temps serveis especialitzats que ens permeten gestionar els enviaments al Magrib i altres zones geogràfiques amb una estructura única i sòlida.,,
home.content.intro4,"Des que la mercaderia surt per la porta de l'exportador fins que es posa a la disposició de l'importador, controlem cada pas gràcies a la formació del nostre personal, capaç de comprendre plenament la dinàmica i operativa que comporta el transport internacional. Mantenir-nos al corrent de les innovacions i canvis que fan cada cop més dinàmic el nostre negoci.",,
home.content.intro5,El nostre objectiu és guanyar-nos la confiança dels nostres clients demostrant que treballem incansablement per un creixement continu.,,
home.content.blocks[0].title,Som els veritables protagonistes del teu transport,,
home.content.blocks[0].text1,Escollir Bongiorno significa triar seguretat i eficiència.,,
home.content.blocks[0].text2,Confia en nosaltres per a tots els teus enviaments internacionals i descobreix com fem del transport de mercaderies una experiència tranquil·la.,,
home.content.blocks[0].text3,"La qualificació d'operador OEA i la certificació ISO 9001:2015 de casa mare a Itàlia, a més de la participació a la xarxa WCA són garantia que la nostra qualitat de servei és veritablement el que tenim l'honor d'oferir amb orgull.",,
home.content.blocks[0].text4,"Per brindar tranquil·litat als nostres clients, també oferim una pòlissa opcional “Tot Risc”, que cobreix la suma total de la factura de venda. Passi el que passi durant el transport, sempre estarà segur.",,
home.content.blocks[0].alt,Camions i contenidors a la carretera,,
home.quality.title,"La nostra qualitat, certificada i reconeguda",,
home.quality.text1,"La Bongiorno Italia (Bongiorno SRL) el 2014 va obtenir l'estatus d'OEA per a operacions duaneres, cosa que té una enorme importància perquè permet més rapidesa en els enviaments, més comunicació entre les parts de la cadena de subministrament i menys problemes de seguretat. És el resultat d'un procediment minuciós de verificació per part de l'Agència de Duanes i Monopolis italiana i és d'interès per als qui confien en els nostres serveis. A això s'hi afegeix la certificació ISO 9001, que Bongiorno SRL té des de fa molts anys i que és una garantia més de qualitat per als nostres clients.",,
home.quality.text2,Consulteu aquí la nostra política de qualitat.,,
home.sedi.title,Les Oficines,,
home.sedi.intro1,Gràcies a la presència de personal propi i oficines a cinc països mediterranis podem gestionar els enviaments cap ai des del Magrib amb la competència de qui viu la dinàmica diària en canvi constant d'aquesta zona i amb la rapidesa de qui coneix els problemes.,,
home.sedi.intro2,Garantim intervencions immediates i directes per trobar la millor solució que porti sempre a bon port cada enviament.,,
home.sedi.intro3,"A més, l'elecció de socis certificats per la WCA ens permet comptar amb un suport altament professional i generalitzat a qualsevol lloc del món. Per no deixar res a l'atzar.",,
home.sedi.contactLabel,Contacta'ns,,
home.sedi.globalTitle,Bongiorn al món,,Bongiorno
home.sedi.globalText,"El caràcter internacional del nostre negoci i el nostre creixement continu ens han portat a ampliar els nostres serveis més enllà de les fronteres dels països on ja estem establerts i des de fa temps gràcies al valuós suport i ajuda de la xarxa d'agències que ens proporciona l'Aliança Mundial del Comerç, de la qual som membres des del 2009.",,
home.sedi.globalContact,Contacta'ns,,
home.sedi.locations[0].name,Bongiorno Itàlia,,
home.sedi.locations[0].flag,/img/banderes/ca.svg,,
home.sedi.locations[0].description[0],"Fundada el 1985, Bongiorno srl és la nostra empresa matriu.",,
home.sedi.locations[0].description[1],"Amb seu a Gallarate, a 5 minuts de l'aeroport de Milà Malpensa, és el punt de confluència de les principals línies de trànsit procedents de les regions industrials del centre-nord d'Itàlia.",,
home.sedi.locations[0].description[2],La proximitat als principals ports comercials del nord de la Mediterrània ens situa en una posició privilegiada per garantir una rapidesa i una eficàcia extrema en l'execució dels mandats de transport.,,
home.sedi.locations[0].contactUrl,#,,
home.sedi.locations[1].name,Bongiorno Espanya,,
home.sedi.locations[1].flag,/img/banderes/ca.svg,,
home.sedi.locations[1].description[0],"Amb seu a Barcelona i plataformes logístiques estratègiques a Espanya i Portugal, la nostra seu a Espanya és capaç de garantir un servei precís i estès des de i cap a tota la Península Ibèrica i representa avui per al grup un punt de importància fonamental en el desenvolupament del trànsit cap al nord d'Àfrica.",,
home.sedi.locations[1].description[1],"Avui dia, Bongiorno España representa, per al grup, una referència fonamental en el desenvolupament del comerç cap al nord d'Àfrica.",,
home.sedi.locations[1].contactUrl,#,,
home.sedi.locations[2].name,Bongiorno França,,
home.sedi.locations[2].flag,/img/banderes/fr.svg,,
home.sedi.locations[2].description[0],"La nostra seu es troba a Marsella, a la principal via d'accés a la ciutat ia 1 km del port, punt estratègic per a l'activitat marítima cap als ports del Magrib i de tota la Mediterrània.",,
home.sedi.locations[2].description[1],"També disposem de plataformes logístiques a les zones més sensibles (Regió de París, Regió de Lió, Nord de França). Els nostres serveis de transport per carretera també ens permeten donar servei a gran part d'Alemanya i tot el territori belga i holandès.",,
home.sedi.locations[2].contactUrl,#,,
home.sedi.locations[3].name,Bongiorno Tunísia,,
home.sedi.locations[3].flag,/img/banderes/tn.svg,,
home.sedi.locations[3].description[0],Representa la nostra primera base comercial i operativa al nord d'Àfrica. L'estructura operativa de què disposa Bongiorno Tunísia es considera actualment una de les realitats més importants del sector del transport a Tunísia.,,
home.sedi.locations[3].description[1],"Utilitzem tres terminals de contenidors amb dipòsits duaners als principals ports tunisians (Rades, Sousse i Sfax) que ens permeten satisfer les necessitats de tots els operadors econòmics tunisians per a qualsevol tipus de transport.",,
home.sedi.locations[3].contactUrl,#,,
home.sedi.locations[4].name,Bongiorno Algèria,,
home.sedi.locations[4].flag,/img/banderes/dz.svg,,
home.sedi.locations[4].description[0],Algèria és un país en ple desenvolupament econòmic i una realitat que cada cop té més pes a l'escena internacional.,,
home.sedi.locations[4].description[1],"Per això creem Bongiorno Algérie a principis dels anys 2000, creient que la nostra experiència i professionalitat podrien ser una eina útil i apreciada pels operadors algerians i europeus per al desenvolupament de les seves activitats.",,
home.sedi.locations[4].contactUrl,#,,
home.sedi.locations[5].name,Bongiorn al Món,,Bongiorno
home.sedi.locations[5].flag,/img/banderes/dz.svg,,
home.sedi.locations[5].description[0],El caràcter internacional del nostre negoci i el creixement continu ens han portat a expandir els nostres serveis més enllà de les fronteres dels països on ja estem establerts i consolidats des de fa algun temps gràcies al valuós suport i ajuda de la xarxa d'agències garantida pel World Trade Alliance (WCA) de la qual som membres des del 2009.,,
home.sedi.locations[5].contactUrl,#,,
quote.title,Demana una cotització,,
quote.id,129837,,
quote.subtitle,Contacti amb nosaltres a través del formulari i serà atès per un dels nostres comercials al més aviat possible.,,
quote.select,Seleccioneu una opció,,
quote.other,Més,,
quote.fields.companyName,Nom de l'empresa,,
quote.fields.isPrivate,Sóc un particular,,
quote.fields.name,Nom i cognoms,,
quote.fields.email,Correu electrònic,,
quote.fields.phone,Número de telèfon,,
quote.fields.city,Ciutat,,
quote.fields.zip,Codi postal,,
quote.fields.address,Direcció,,
quote.fields.originCountry,País de sortida,,
quote.fields.originOther,Especifiqueu el país,,
quote.fields.originCity,Ciutat de retir,,¿?¿?¿?¿?
quote.fields.originZip,Codi postal,,
quote.fields.originAddress,Adreça de recollida,,
quote.fields.destinationCountry,País de destinació,,
quote.fields.destinationOther,Especifiqueu el país de destinació,,
quote.fields.dangerousGoods,El transport inclou mercaderies perilloses,,
quote.fields.goodsClass,Classe de mercaderia (ADR),,
quote.fields.estimatedWeight,Pes estimat (kg),,
quote.fields.estimatedVolume,Volum estimat (m³),,
quote.fields.details,Descripció o detalls addicionals,,
quote.fields.consent,"Autoritzo el tractament de les meves dades (obligatori, vegeu la política de privadesa aquí)",,
quote.privacyLink,Política de privadesa,,
quote.placeholders.company,Nom de l'empresa,,
quote.placeholders.transport,"Per exemple, grupatge, complet, contenidor, etc.",,Agrupatge
quote.placeholders.details,Introduïu aquí les dades del vostre enviament...,,
quote.placeholders.otherCountry,Especifiqueu el país,,
quote.placeholders.address,Carrer / número,,
quote.placeholders.city,Ciutat,,
quote.placeholders.zip,Codi postal,,
quote.submit,Enviar sol·licitud de cotització,,
quote.sending,Enviant...,,
quote.success,Sol·licitud enviada amb èxit! En breu ens posarem en contacte amb vosté.,,vostè
quote.error,Error en enviar. Torneu-ho a provar més tard.,,
quote.errors.noConsent,Heu de donar el vostre consentiment al tractament de les vostres dades per poder continuar.,,
quote.intro,"Des del 1985 som líders en el transport entre Europa i el Magrib, principalment Tunísia, Algèria i el Marroc, així com molts altres destins, prestant servei a més de 60 països de tot el món cada any.",,
quote.features[0],Tarifes clares i sense sorpreses,,
quote.features[1],"Oficines locals a Tunísia, Algèria, Itàlia, Espanya i França",,
quote.features[2],"Grupatge, FCL i Project Càrrec",,Agrupatge
quote.features[3],"Elecció de cobertura d'assegurança, inclòs Tot Risc",,
quote.features[4],Més de 35 anys d'experiència,,
quote.cta.quote,Demana una cotització,,
quote.cta.call,Truca ara,,
footer.legal.title,Legal,,
footer.legal.company,Bongiorno Srl - IVA 10408830155,,
footer.legal.details,"Adreça: Via Marsala, 40 - 21013 Gallarate (Varese)",,
footer.links.title,Enllaços útils,,
footer.links.destinations,Destinacions,,
footer.links.workwithus,Treballa amb nosaltres,,
footer.links.about,Qui som,,
footer.links.privacy,Privadesa,,
footer.links.contacts,Contactes,,
footer.contact.title,Contactes,,
footer.contact.email,bongiorno@bongiornosrl.com,,
footer.contact.phone,+39 0331 776 334,,
footer.contact.address,"Via Marsala, 40 - 21013 Gallarate (VA)",,
footer.rights,Tots els drets reservats.,,
services.title,Serveis,,
services.intro,"Gràcies a la nostra experiència i presència directa als principals països mediterranis, oferim una gamma completa de serveis de transport internacional i logística dissenyats per garantir puntualitat, seguretat i comoditat.",,
services.cards[0].icon,Package,,
services.cards[0].title,Transport de grupatge,,d' agrupatge
services.cards[0].href,#Grup,,
services.cards[0].text,"Per a la indústria, el comerç i les grans obres hem creat serveis que ofereixen al transport els millors rendiments i condicions. Perquè les teves mercaderies arribin sempre a temps.",,
services.cards[1].icon,Truck,,
services.cards[1].title,Transports complets,,
services.cards[1].href,#complet,,
services.cards[1].text,"Rapidesa en freqüències i temps de trànsit, disponibilitat d'espai a bord de vaixells i gran varietat de contenidors als principals ports del Magrib.",,
services.cards[2].icon,Cog,,
services.cards[2].title,Transport excepcional i Projet Càrrec,,Projet Cargo 
services.cards[2].href,#excepcional,,
services.cards[2].text,"Transport que requereix alta especialització i estudi curós de rutes, normatives, característiques de mercaderies i territoris.",,
services.cards[3].icon,ShieldCheck,,
services.cards[3].title,Segur a tot risc,,Assegurança a tot risc
services.cards[3].href,#assegurances,,
services.cards[3].text,Per no deixar res a l'atzar. Una pòlissa d'assegurança a petició que protegeix contra qualsevol risc durant el transport.,,
services.details[0].id,agrupament,,
services.details[0].icon,Package,,
services.details[0].title,Transport de grupatge,,d' agrupatge
services.details[0].paragraphs[0],Una àmplia xarxa d'operadors de carreteres que cobreix tot el territori europeu garanteix que les mercaderies arribin als nostres deixalleries en el menor temps possible i amb les millors garanties de qualitat.,,"deixalleries, NO - Magatzems"
services.details[0].paragraphs[1],"Disposem de modernes àrees logístiques equipades amb vehicles i personal altament eficients i equipades amb moderns sistemes de seguretat, llestes per adaptar-se a les necessitats més diverses.",,
services.details[0].paragraphs[2],"Gestionem, com a operadors OEA a Itàlia, les operacions duaneres directament als centres de recollida, amb el nostre personal i amb dinàmica en temps real. Som conscients de la importància de cada document.",,
services.details[0].paragraphs[3],"La regularitat i la freqüència dels nostres serveis, amb la possibilitat d'arribar també a ports secundaris del Magrib, ens permet oferir als clients una varietat de serveis única en aquests mercats.",,
services.details[0].paragraphs[4],Trieu Bongiorno per a un servei de transport que superi les vostres expectatives i us acompanyi on ho necessiteu. Contacta'ns per descobrir com podem ajudar-lo a optimitzar els enviaments i arribar a nous mercats amb confiança. La nostra experiència i dedicació estaran sempre al vostre costat!,,
services.details[1].id,vestits,,¿?¿?¿?
services.details[1].icon,Truck,,
services.details[1].title,Transports complets,,
services.details[1].paragraphs[0],"Som conscients que l""èxit d""una expedició depèn de moltes variables i la nostra especialització en aquest camp ens converteix en el soci ideal per afrontar qualsevol eventualitat.",,
services.details[1].paragraphs[1],"Atenció al detall, des de l'elecció del transportista marítim ideal segons el mercat fins a la confiança dels serveis i la disponibilitat d'equips. Res no es deixa a l'atzar.",,
services.details[1].paragraphs[2],Hem dedicat grans recursos per intentar gestionar d'una manera cada cop més eficient tots els components que doten el nostre transport de la màxima fiabilitat.,,
services.details[1].paragraphs[3],"Aleshores, si estàs buscant un servei de transport de contenidors o remolcs complets fiable i eficient, estem aquí per ajudar-te. Per transportar les teves mercaderies de manera ràpida i segura.",,
services.details[2].id,excepcional,,
services.details[2].icon,Cog,,
services.details[2].title,Transport excepcional i Project Càrrec,,
services.details[2].paragraphs[0]," Un tipus de transport que requereix no només un profund coneixement, sinó també un estudi detingut de les rutes, normatives, característiques de les mercaderies i els territoris on es realitzen els enviaments. Considereu totes les eventualitats per assegurar-vos que els obstacles tècnics o burocràtics no afectin el resultat.",,
services.details[2].paragraphs[1],Triar els socis terrestres i marítims més fiables i adequats per als països que es volen creuar. Les garanties que oferim als clients en aquests transports delicats. Lliurar amb seguretat els béns que ens han estat confiats.,,
services.details[3].id,assegurança,,
services.details[3].icon,ShieldCheck,,
services.details[3].title,Segur a tot risc,,Assegurança a tot risc
services.details[3].paragraphs[0],Considerem que la cobertura “Tot Risc” és una eina d'enorme importància. Una garantia que permet protegir-se de tots aquells elements de risc que es puguin presentar durant el transport.,,
services.details[3].paragraphs[1],Per aquests motius comptem amb una pòlissa de fiabilitat contrastada que posem a disposició dels clients que així ho sol·licitin expressament.,,
ctaBanner.cta_main,"La nostra presència estable i duradora al territori ens converteix en un soci sòlid capaç de resoldre amb rapidesa qualsevol imprevist, oferint rapidesa, seguretat i garantia en tots els mercats on operem.",,
ctaBanner.claim,"Això, combinat amb el nostre personal altament experimentat i competent, ens permet oferir la màxima rapidesa, seguretat i protecció a tots els mercats on operem gràcies a les nostres estrictes normes de funcionament.",,
ctaBanner.cta.ctacontatti,Contacta'ns,,
ctaBanner.cta.hrefcontatti,/contactes,,
ctaBanner.cta.ctaservizi,Més informació sobre els serveis,,
ctaBanner.cta.hrefservizi,/serveis,,
ctaBanner.cta.contattaci,Truqui o escriviu i us posarem en contacte amb el nostre comercial més adequat.,,
ctaBanner.cta.parliamo,"Parlem italià, francès, espanyol, anglès i alemany ",,
ctaBanner.cta.quote,Sol·licitar una cotització,,
about.hero.title,Qui som,,
about.hero.subtitle,"Portem gestionant el transport internacional des del 1985, garantint eficàcia i fiabilitat.",,
about.hero.alt,Seu i logística Bongiorno,,
about.counters.transports_prefix,Més enllà de,,
about.counters.transports_label,transports a l'any,,
about.counters.years_prefix,Actiu des,,
about.counters.years_label,anys,,
about.counters.employees_prefix,Més de,,
about.counters.employees_label,empleats a 5 països,,
about.text1,"El 1985, a Gallarate, va començar la història de la nostra empresa, fruit d'una gran intuïció del nostre fundador i president: llegir a Tunísia el gran potencial i les afinitats que ens uneixen i invertir-hi.",,
about.text2,"Des de l'inici de la nostra activitat, hem seguit una política d'especialització dedicant tots els nostres recursos tècnics i humans precisament al mercat tunisià i, en una segona fase, a tot el Magrib.",,
about.text3,Aquesta particularitat ha permès a la nostra organització consolidar-se als mercats nord-africans fins al punt de convertir-se en un transportista de referència per als enviaments en aquesta regió. Sense perdre mai de vista les necessitats reals d'exportadors i importadors i adaptant-nos a les realitats canviants dels països i dels mercats tant de destinació com de sortida de les mercaderies.,,
about.text4,"Després de la consolidació de les nostres línies, pensem que la nostra visió del transport també havia de traspassar aquests límits i que això no ens faria perdre la nostra identitat, sinó que, per contra, l'enriquiria.",,
about.text5,"La dimensió internacional dels nostres transports és ara reconeguda diàriament pels nostres clients que, cada cop amb més freqüència, ens confien la gestió dels seus enviaments per tot el món.",,
about.subtitle,La nostra història,,
about.sede,"Seu de Bongiorno a Gallarate, Via Marsala 40, seu de l'empresa.",,
contact.title,Contacta'ns,,
contact.address.label,Direcció,,
contact.address.value,"Via Marsala 40, Gallarate, Varese, 21013 Itàlia",,
contact.email.label,Correu electrònic,,
contact.email.value,bongiorno@bongiornosrl.com,,
contact.phone.label,Telèfon,,
contact.phone.value,+39 0331 776 334,,
contact.form.title,Escriu-nos un missatge,,
contact.form.name,Nom,,
contact.form.email,Correu electrònic,,
contact.form.message,Missatge,,
contact.form.submit,Enviar,,
contact.form.sending,Enviant...,,
contact.form.success,Missatge enviat.,,
contact.form.consent,"Autoritzo el tractament de les meves dades (obligatori, vegeu la política de privadesa aquí)",,
contact.form.noConsent,Heu de donar el vostre consentiment al tractament de les vostres dades per poder continuar.,,
