clave,texto_aleman
news.hero.title,"Aktuelle Nachrichten aus der Schifffahrt,Entdecken Sie exklusive und aktuelle Informationen über die internationale Schifffahrt mit Schwerpunkt auf Europa und Nordafrika,Lesen Sie weiter,Neueste Artikel,Aktuelle Nachrichten | Bongiorno Transport,Erfahren Sie die neuesten Nachrichten und Einblicke in den internationalen Transport, die Logistik und die Lieferkette..,Datenschutzerklärung,Letzte Aktualisierung: 09/12/2025,Bongiorno Srl,Via del Gonfalone 4, 20123 Milano (MI) - Secondary Office: Via Marsala 40/c, 21013 Gallarate (VA),Informationen gemäß Art. 13 der GDPR, EU-Verordnung 2016/679 und D.Lgs. 196/2003,Wir informieren Sie darüber, dass Ihre personenbezogenen Daten in Übereinstimmung mit den Vorschriften zum Schutz personenbezogener Daten, EU-Verordnung 2016/679 (""GDPR"") und D. Lgs. 196/2003 et seq.mm.ii verarbeitet werden. (""Datenschutzkodex""),Datenschutzbeauftragter (DSB),Das Unternehmen hat einen Datenschutzbeauftragten (DSB) ernannt, der unter der folgenden E-Mail-Adresse kontaktiert werden kann:,Kategorien verarbeiteter personenbezogener Daten,Folgende Kategorien von Daten werden verarbeitet:,Personenbezogene Daten natürlicher Personen, die das Unternehmen über die Website oder andere Kanäle kontaktieren, um Angebote oder Informationen anzufordern...,Unternehmensdaten von anderen als natürlichen Personen, die an Anfragen oder der Verwaltung von Sendungen beteiligt sind,,Daten bezüglich der zu versendenden Waren,,Daten bezüglich der Abhol- und Lieferorte,,Daten bezüglich der Eignung von Transportmitteln und Fahrern für Sendungen, die besonderen Genehmigungen/Beschränkungen unterliegen (z. B. ADR/IMO-Waren, außerhalb der Spurweite),,Daten von Kontaktpersonen für Angebote, Versandaufträge, Informationsanfragen, Rechnungsstellung, Zahlungen, Verwaltung von Nichtzahlungen und Antworten...,Daten, die zur Erfüllung von Transport-, Zoll- und Verwaltungsverpflichtungen erforderlich sind, die von Behörden, Zollbehörden, Spediteuren, Schifffahrtsunternehmen, Fluggesellschaften, Zollmaklern, Versicherungsgesellschaften, Banken, Transportagenturen und Strafverfolgungsbehörden auf nationaler, EU- und Nicht-EU-Basis verlangt werden"
news.hero.subtitle,
news.featured.readMore,
news.sidebar.title,
news.meta.title,
news.meta.description,
privacy.title,
privacy.lastUpdated,
privacy.controller.name,
privacy.controller.piva,10408830155
privacy.controller.address,
privacy.controller.email,bongiornosrl@bongiornosrl.com
privacy.controller.pec,bongiornosrl@legalmail.it
privacy.sections[0].id,intro
privacy.sections[0].heading,
privacy.sections[0].subtitle,
privacy.sections[0].content[0],
privacy.sections[1].id,dpo
privacy.sections[1].heading,
privacy.sections[1].content[0],
privacy.sections[1].content[1],luca.confalonieri@bongiornosrl.com
privacy.sections[2].id,data-categories
privacy.sections[2].heading,
privacy.sections[2].content[0],
privacy.sections[2].list[0],
privacy.sections[2].list[1],
privacy.sections[2].list[2],
privacy.sections[2].list[3],
privacy.sections[2].list[4],
privacy.sections[2].list[5],
privacy.sections[2].list[6],
privacy.sections[3].id,
privacy.sections[3].heading,"Zwecke und Rechtsgrundlage der Verarbeitung,Die Verarbeitung erfolgt ausschließlich zu den vom für die Verarbeitung Verantwortlichen angegebenen Zwecken,Die Rechtsgrundlage für die Verarbeitung beruht auf:,der Einwilligung;,der Erfüllung vorvertraglicher/vertraglicher Maßnahmen, an denen die betroffene Person beteiligt ist;,der Erfüllung rechtlicher Verpflichtungen, denen der für die Verarbeitung Verantwortliche unterliegt;,der Wahrung lebenswichtiger Interessen der betroffenen Person oder einer anderen natürlichen Person;,der Wahrnehmung einer Aufgabe, die im öffentlichen Interesse liegt oder mit der Ausübung öffentlicher Gewalt verbunden ist;,der Verfolgung der berechtigten Interessen des für die Verarbeitung Verantwortlichen oder Dritter...,Modalitäten der Verarbeitung;,Die Verarbeitung kann mit oder ohne Einsatz manueller, informationstechnischer und telematischer Hilfsmittel erfolgen;,Es werden geeignete Maßnahmen ergriffen, um die Sicherheit und Vertraulichkeit der Daten gemäß den gesetzlichen Bestimmungen zu gewährleisten;,Bei der Verarbeitung wird kein automatisierter Entscheidungsprozess angewandt,Weitergabe personenbezogener Daten,Die Weitergabe personenbezogener Daten ist für die angegebenen Zwecke unbedingt erforderlich;,Die vollständige oder teilweise Verweigerung der Weitergabe der Daten kann die Ausführung des Lieferdienstes verhindern;,Weitergabe personenbezogener Daten,Zur Erreichung der angegebenen Zwecke können personenbezogene Daten weitergegeben werden an:,Bevollmächtigte Personen gemäß Art. 29 DSGVO und Art. 2 Abs. 2 des Datenschutzgesetzes;,Drittunternehmen, die als Auftragsverarbeiter gemäß Art. 28 DSGVO benannt wurden...,Die betroffene Person kann weitere Informationen anfordern, indem sie sich schriftlich an den DSB unter den angegebenen Kontaktdaten wendet;,Datenübermittlung ins Ausland;,Personenbezogene Daten können je nach der angeforderten Dienstleistung in EU-Länder, Nicht-EU-Länder oder internationale Organisationen übermittelt werden;,Im Falle einer Übermittlung in Nicht-EU-Länder erteilt die betroffene Person je nach den Erfordernissen und der territorialen Lage im Zusammenhang mit der Ausführung des Auftrags eine ausdrückliche Genehmigung als Ausnahme von Art. 45 ff"
privacy.sections[3].content[0],
privacy.sections[3].content[1],
privacy.sections[3].list[0],
privacy.sections[3].list[1],
privacy.sections[3].list[2],
privacy.sections[3].list[3],
privacy.sections[3].list[4],
privacy.sections[3].list[5],
privacy.sections[4].id,methods
privacy.sections[4].heading,
privacy.sections[4].content[0],
privacy.sections[4].content[1],
privacy.sections[4].content[2],
privacy.sections[5].id,data-provision
privacy.sections[5].heading,
privacy.sections[5].content[0],
privacy.sections[5].content[1],
privacy.sections[6].id,data-communication
privacy.sections[6].heading,
privacy.sections[6].content[0],
privacy.sections[6].list[0],
privacy.sections[6].list[1],
privacy.sections[6].content_after_list[0],
privacy.sections[7].id,transfer
privacy.sections[7].heading,
privacy.sections[7].content[0],
privacy.sections[7].content[1],
privacy.sections[8].id,rights
privacy.sections[8].heading,
privacy.sections[8].content[0],"Die betroffene Person hat das Recht, jederzeit die in Art. 15-22 DSGVO vorgesehenen Rechte auszuüben, einschließlich:,Auskunft über personenbezogene Daten und Informationen über Zwecke, Datenkategorien, Empfänger und Speicherdauer;,Berichtigung unrichtiger Daten oder Vervollständigung unvollständiger Daten;,Löschung von Daten in den von der DSGVO vorgesehenen Fällen;,Einschränkung der Verarbeitung;,Übertragbarkeit von Daten an einen anderen für die Verarbeitung Verantwortlichen;,Widerruf der Einwilligung unbeschadet der Rechtmäßigkeit der früheren Verarbeitung;,Widerspruch gegen die Verarbeitung gemäß Art. 21 DSGVO;,wie die Rechte ausgeübt werden können;,Modalitäten für die Ausübung der Rechte;,Die betroffene Person kann ihre Rechte ausüben, indem sie sich schriftlich an den für die Verarbeitung Verantwortlichen oder den DSB unter den in dieser Richtlinie angegebenen Kontaktdaten wendet...,Wir verwenden Cookies 🍪,Wir verwenden technische und, vorbehaltlich der Zustimmung, analytische Cookies, um Ihre Erfahrung zu verbessern.,Datenschutzrichtlinie,Alle akzeptieren,Cookie-Einstellungen,Wählen Sie die Kategorien von Cookies, die Sie zulassen möchten.,Einstellungen speichern,Cookies, die für das Funktionieren der Website notwendig sind.,Analytics,Cookies, die uns helfen, die Nutzung der Website zu verstehen (Google Analytics).,Cookies, die für Werbekampagnen und Remarketing verwendet werden.,Index,Bongiorno SRL,Angebot anfordern"
privacy.sections[8].list[0],
privacy.sections[8].list[1],
privacy.sections[8].list[2],
privacy.sections[8].list[3],
privacy.sections[8].list[4],
privacy.sections[8].list[5],
privacy.sections[8].list[6],
privacy.sections[8].list[7],Derecho a presentar una reclamación ante la Autoridad de Protección de Datos (www.garanteprivacy.it).
privacy.sections[9].id,
privacy.sections[9].heading,
privacy.sections[9].content[0],
privacy.sections[9].content[1],Email del Responsable: bongiornosrl@bongiornosrl.com
privacy.sections[9].content[2],PEC: bongiornosrl@legalmail.it
privacy.sections[9].content[3],Email del DPO: luca.confalonieri@bongiornosrl.com
cookies.title,
cookies.text,
cookies.privacyLink,
cookies.accept,
cookies.decline,Rechazar
cookies.customize,Personalice
cookies.customizeTitle,
cookies.customizeText,
cookies.cancel,Cancelar
cookies.save,
cookies.categories.essential.title,Esenciales
cookies.categories.essential.desc,
cookies.categories.analytics.title,
cookies.categories.analytics.desc,
cookies.categories.marketing.title,Marketing
cookies.categories.marketing.desc,
common.index,
common.company,
common.preventivo,
common.back_news,"Zurück zu Nachrichten,Dieser Artikel ist in dieser Sprache noch nicht verfügbar. Die italienische Version wird angezeigt.,Transport Marokko,Unser Engagement in Marokko ist seit Jahrzehnten gefestigt. Wir haben im Laufe der Zeit eine Partnerschaft mit einer lokalen Realität gewählt und gestärkt, die auf unserer gleichen Welle reiste. Um das gemeinsame Ziel zu erreichen, den Kunden immer mehr Gründe zu geben, sich für unseren Service zu entscheiden, bieten wir Transporte von Spanien, Frankreich und Italien zu den wichtigsten Häfen Marokkos an.,/img/dest-marocco.webp,Tanger,Unsere jahrzehntelange Erfahrung erlaubt es uns, die beste Zeit auf dem marokkanischen Markt zu garantieren.,Wir wissen, dass Schnelligkeit, nicht nur beim Transport, sondern auch und vor allem beim Eingreifen in alle lokalen Dynamiken, ein Trumpf ist, um unseren Transportdienstleistungen eine Qualitätsgarantie zu geben,Wir wissen, wie wichtig die Dokumentation ist, die es allen Händlern ermöglicht, ihre Transaktionen erfolgreich abzuschließen, und wir beraten und schlagen vor, noch bevor der Versand beginnt, alle Besonderheiten, die es möglich machen..,Dienstleistungen Marokko,Regelmäßiger Sammelgutverkehr auf dem Seeweg nach Casablanca,Möglichkeit der Verladung von Gefahrgütern, rollendem Material und außergewöhnlichen Ladungen im Voll- und Sammelgutverkehr,Möglichkeit der Hauszustellung in ganz Marokko,Wöchentlicher Transport zu den Häfen von Tanger und Casablanca,Sehr schnelle Transitzeiten,Vollversicherung auf Anfrage,Transport Libyen und Mauretanien,Volle Abdeckung des Maghreb bringt uns auch hierher. Mit der gleichen Sorgfalt und Aufmerksamkeit, mit regelmäßigen Vollcontainerdiensten zu den wichtigsten Häfen,Wir bieten Transporte von Spanien, Frankreich und Italien zu den wichtigsten libyschen und mauretanischen Häfen,/img/dest-libya-mauritania.webp,Tripoli,Unsere jahrzehntelange Erfahrung und die Qualität unserer Dienstleistungen, zertifiziert nach ISO9001-Norm, erlauben es uns, vollständige, schnelle und effiziente Transportleistungen zu garantieren,Dienstleistungen für Libyen und Mauretanien,Regelmäßige Vollcontainerdienste"
common.fallback_notice,
destinations.marocco.title,
destinations.marocco.claim,
destinations.marocco.intro,
destinations.marocco.image,
destinations.marocco.mapCoords[0],-6.8326
destinations.marocco.mapCoords[1],31.7917
destinations.marocco.mapMarkers[0].name,Casablanca
destinations.marocco.mapMarkers[0].coords[0],-7.5898
destinations.marocco.mapMarkers[0].coords[1],33.5731
destinations.marocco.mapMarkers[1].name,
destinations.marocco.mapMarkers[1].coords[0],-5.8127
destinations.marocco.mapMarkers[1].coords[1],35.7595
destinations.marocco.paragraphs[0],
destinations.marocco.paragraphs[1],
destinations.marocco.paragraphs[2],
destinations.marocco.servicesTitle,
destinations.marocco.services[0],
destinations.marocco.services[1],
destinations.marocco.services[2],
destinations.marocco.services[3],
destinations.marocco.services[4],
destinations.marocco.services[5],
destinations.libia.title,
destinations.libia.claim,
destinations.libia.intro,
destinations.libia.image,
destinations.libia.mapCoords[0],13
destinations.libia.mapCoords[1],22
destinations.libia.mapMarkers[0].name,
destinations.libia.mapMarkers[0].coords[0],13.1913
destinations.libia.mapMarkers[0].coords[1],32.8872
destinations.libia.mapMarkers[1].name,Medido
destinations.libia.mapMarkers[1].coords[0],15.1
destinations.libia.mapMarkers[1].coords[1],32.37
destinations.libia.mapMarkers[2].name,Bengasi
destinations.libia.mapMarkers[2].coords[0],20.0667
destinations.libia.mapMarkers[2].coords[1],32.1167
destinations.libia.mapMarkers[3].name,Nuakchot
destinations.libia.mapMarkers[3].coords[0],-15.9785
destinations.libia.mapMarkers[3].coords[1],18.0858
destinations.libia.mapMarkers[4].name,Nouadhibou
destinations.libia.mapMarkers[4].coords[0],-17.0333
destinations.libia.mapMarkers[4].coords[1],20.9333
destinations.libia.paragraphs[0],
destinations.libia.servicesTitle,
destinations.libia.services[0],
destinations.libia.services[1],"Wöchentlicher Transport zu den Häfen von Tripolis, Misurata und Benghazi, Nouakchott und Nouadhibou,Möglichkeit der Verladung von Gefahrgut und außergewöhnlichen Ladungen,Umfassende Versicherung auf Anfrage,Weltweiter Transport,Dank unserer WCA-Partner erreichen wir jeden Ort mit der Qualität, die durch das größte und umfangreichste Netzwerk internationaler Spediteure garantiert wird,Weltweit zertifizierte Dienstleistungen, die durch unsere Mitgliedschaft im WCA-Netzwerk garantiert werden,/img/mondo.webp,Panamakanal,New York,Weltweite zertifizierte Dienstleistungen,Servicegarantie des WCA-Netzes,AEO- und ISO 9001-Qualitätsqualifikation des Betreibers,Regelmäßige Abfahrten in Vollcontainern und Sammelgut,Möglichkeit des Transports von Projektladung, Gefahrgut und außergewöhnlichen Ladungen,Einsatz erstklassiger und zuverlässiger Linienfrachtführer,Vollkaskoversicherung auf Anfrage,Transport Algerien,Wir verfügen seit vielen Jahren über eine eigene Struktur in diesem Gebiet. Wir kennen seine Dynamik und seine Besonderheiten. Wir erleben täglich die Änderungen der Vorschriften und sind in der Lage, sofort Maßnahmen zu ergreifen, um die Einhaltung der Vorschriften zu gewährleisten,Wir bieten Transporte von Spanien, Frankreich und Italien zu den Häfen von Algier, Oran und allen wichtigen algerischen Häfen,/img/dest-algeria.webp,Algerien,Oran,Die im Laufe der Zeit erworbene Erfahrung und die Präsenz unseres eigenen Personals in der Region garantieren die Qualität der Dienstleistungen und die Zuverlässigkeit der den Kunden zur Verfügung gestellten Infrastruktur,Wir wissen, dass Schnelligkeit, nicht nur beim Transport, sondern auch und vor allem bei der Arbeit an allen lokalen Dynamiken, ein Pluspunkt ist, um unseren Versanddienstleistungen eine Qualitätsgarantie zu geben,Wir wissen um die Bedeutung der Dokumentation, die es allen Händlern ermöglicht, ihre Transaktionen erfolgreich abzuschließen, und wir beraten und schlagen schon vor dem Versand alle Besonderheiten vor, die dies möglich machen."
destinations.libia.services[2],
destinations.libia.services[3],
destinations.mondo.title,
destinations.mondo.claim,
destinations.mondo.intro,
destinations.mondo.image,
destinations.mondo.mapCoords[0],8.793
destinations.mondo.mapCoords[1],45.66
destinations.mondo.mapMarkers[0].name,
destinations.mondo.mapMarkers[0].coords[0],-79.8
destinations.mondo.mapMarkers[0].coords[1],9.1
destinations.mondo.mapMarkers[1].name,Singapur
destinations.mondo.mapMarkers[1].coords[0],103.8
destinations.mondo.mapMarkers[1].coords[1],1.35
destinations.mondo.mapMarkers[2].name,Rotterdam
destinations.mondo.mapMarkers[2].coords[0],4.48
destinations.mondo.mapMarkers[2].coords[1],51.92
destinations.mondo.mapMarkers[3].name,
destinations.mondo.mapMarkers[3].coords[0],-74
destinations.mondo.mapMarkers[3].coords[1],40.7
destinations.mondo.servicesTitle,
destinations.mondo.services[0],
destinations.mondo.services[1],
destinations.mondo.services[2],
destinations.mondo.services[3],
destinations.mondo.services[4],
destinations.mondo.services[5],
destinations.algeria.title,
destinations.algeria.claim,
destinations.algeria.intro,
destinations.algeria.image,
destinations.algeria.mapCoords[0],2.6333
destinations.algeria.mapCoords[1],28
destinations.algeria.mapMarkers[0].name,
destinations.algeria.mapMarkers[0].coords[0],3.0588
destinations.algeria.mapMarkers[0].coords[1],36.7538
destinations.algeria.mapMarkers[1].name,
destinations.algeria.mapMarkers[1].coords[0],-0.6417
destinations.algeria.mapMarkers[1].coords[1],35.6987
destinations.algeria.paragraphs[0],
destinations.algeria.paragraphs[1],
destinations.algeria.paragraphs[2],
destinations.algeria.servicesTitle,"Dienstleistungen Algerien,Regelmäßige Sammeltransporte auf dem Seeweg nach Algier und Oran,Regelmäßige Containertransporte zu allen algerischen Häfen,Möglichkeit der Verladung von Gefahrgütern, rollendem Material und außergewöhnlichen Ladungen im Voll- und Sammelgutverkehr,Möglichkeit von Haus-zu-Haus-Lieferungen in ganz Algerien,Sehr schnelle Transitzeiten,Vollversicherung auf Anfrage,Tunis Transport,Wir sind ein Bezugspunkt im Land für Transporte von und nach Europa im Mittelmeerraum..,Ein kontinuierliches Wachstum dank unserer Kunden, die uns mit ihrer Treue und Dankbarkeit den nötigen Impuls gegeben haben, um zu versuchen, ihre Erwartungen und Anforderungen mit immer größerer Sorgfalt und Aufmerksamkeit zu erfüllen.,/img/destinos/tunisia.webp,Wir bieten Transporte von Spanien, Frankreich und Italien zu den Häfen von Tunis, Susse und Sfax an.,Unsere jahrzehntelange Erfahrung und unsere komplette Versorgungskette mit eigenen Lagern und lokalem Personal ermöglichen es uns, die besten Lieferzeiten auf dem tunesischen Markt zu gewährleisten...,Die im Laufe der Zeit erworbene Erfahrung und die Präsenz unseres eigenen Personals vor Ort garantieren die Qualität der Dienstleistungen und die Zuverlässigkeit der den Kunden zur Verfügung gestellten Infrastruktur...,,Wir wissen, dass Schnelligkeit, nicht nur beim Transport, sondern auch und vor allem bei der Bearbeitung aller lokalen Dynamiken, ein Trumpf ist, um unseren Versanddiensten eine Qualitätsgarantie zu geben...,,Wir wissen um die Bedeutung der Dokumentation, die es allen Händlern ermöglicht, ihre Geschäfte erfolgreich abzuschließen, und wir beraten und schlagen schon vor dem Versand alle Besonderheiten vor, die dies ermöglichen..,Dienstleistungen Tunis,Zweiwöchentliche Sammelverkehre nach Tunis, Susse und Sfax,Mehrwöchentliche Verkehre in Containern und vollen Anhängern zu den wichtigsten tunesischen Häfen,Möglichkeit der Verladung von Gefahrgut, rollendem Material und außergewöhnlichen Ladungen im Voll- und Sammelgutverkehr,Möglichkeit von Haus-zu-Haus-Lieferungen in ganz Tunesien,Sehr schnelle Transitzeiten,Vollversicherung auf Anfrage,Angebot anfordern,Home"
destinations.algeria.services[0],
destinations.algeria.services[1],
destinations.algeria.services[2],
destinations.algeria.services[3],
destinations.algeria.services[4],
destinations.algeria.services[5],
destinations.tunisia.title,
destinations.tunisia.claim,
destinations.tunisia.intro,
destinations.tunisia.image,
destinations.tunisia.mapCoords[0],10.18
destinations.tunisia.mapCoords[1],36.8
destinations.tunisia.paragraphs[0],
destinations.tunisia.paragraphs[1],
destinations.tunisia.paragraphs[2],
destinations.tunisia.paragraphs[3],
destinations.tunisia.paragraphs[4],
destinations.tunisia.servicesTitle,
destinations.tunisia.services[0],
destinations.tunisia.services[1],
destinations.tunisia.services[2],
destinations.tunisia.services[3],
destinations.tunisia.services[4],
destinations.tunisia.services[5],
destinations.tunisia.cta,
nav.home,
nav.services,"Dienstleistungen,Destinationen,Entdecken,Kontakte,Über uns,News,Welt,Tunesien,Algerien,Marokko,Libyen und Mauretanien,Mauretanien,BONGIORNO TRANSPORT,Internationaler Transport,Seit 1985 verbinden wir mit Hingabe und Sorgfalt die wichtigsten europäischen Häfen des Mittelmeers mit dem Maghreb: Tunesien, Algerien und Marokko in erster Linie, aber auch viele andere Bestimmungsorte, wobei wir jedes Jahr mehr als 60 Länder in der ganzen Welt bedienen.,Angebot anfordern,/Kontakte,Kontakt,Unsere Dienstleistungen für die nordafrikanischen Häfen sind so strukturiert, dass sie besonders günstige Transportbedingungen garantieren, aber vor allem die Operateure in allen Phasen, die den Verladungen vorausgehen, begleiten und zu einem erfolgreichen Abschluss bringen.,Unsere tägliche Präsenz vor Ort ermöglicht es uns, immer auf dem neuesten Stand der Verfahren und Vorschriften zu sein, die sich auf diesen Märkten häufig ändern.  Um dieses Ziel zu erreichen, haben wir stark in die Strukturen und Mitarbeiter investiert, die es uns ermöglichen, dynamisch und effizient zu arbeiten. Tunis, Sousse und Sfax. In Algerien verwaltet und sichert unser Büro in Algier die Aktivitäten in allen algerischen Häfen. In Marokko profitieren wir von einer konsolidierten Agenturbeziehung, die es uns im Laufe der Zeit ermöglicht hat, zu wachsen und unseren Dienstleistungen Solidität und Zuverlässigkeit zu verleihen... T.I. Bongiorno España, S.L.U. und Bongiorno France vervollständigen unsere Struktur und ermöglichen es uns, alle wichtigen Verkehrskanäle abzudecken, die von Europa aus ins Mittelmeer zu den nordafrikanischen Destinationen fließen..,Unsere Devise: Pünktlichkeit, Verfügbarkeit und Reaktivität, um effizient mit allen möglichen unvorhergesehenen Ereignissen umzugehen. Wir sind bereit, Ihr zuverlässiger Partner für jeden Transport nach Nordafrika und darüber hinaus zu sein, Transportziele Nordafrika-Maghreb"
nav.destinations,
nav.scopri,
nav.contacts,
nav.about,
nav.news,
nav.mondo,
nav.tunisia,
nav.algeria,
nav.marocco,
nav.libia,
nav.mauritania,
home.hero.title,
home.hero.subtitle,
home.hero.claim,
home.hero.ctas[0].href,#129837
home.hero.ctas[0].label,
home.hero.ctas[1].href,
home.hero.ctas[1].label,
home.intro[0],
home.intro[1],
home.intro[2],
home.intro[3],
home.intro[4],
home.intro[5],
home.destinations.title,
home.destinations.items[0].title,"Transport Tunesien,Von Anfang an in unserer DNA. Unsere historische Linie seit 1985,/img/tunisia.webp,/tunisia,Transport Algerien,Großes Land, an das wir glauben und in den Aufbau maßgeschneiderter Dienstleistungen investieren,/img/algeria.webp,/algeria,Transport Marokko,Wir begleiten Ihre Waren bis zum Kunden. Von der Wüste bis zum Atlasgebirge,/img/marocco.webp,/marocco,Libyen und Mauretanien,Die vollständige Abdeckung des Maghreb führt uns auch hierher. Mit der gleichen Sorgfalt und Aufmerksamkeit,/img/libya.webp,/libya,Transport World,Dank unserer WCA-zertifizierten Partner erreichen wir jeden Ort mit den maximalen Garantien,/img/mondo.webp,/mundo,Services,Ihr Vertrauen ist der Motor unserer Transporte. Wir freuen uns darauf, Ihnen zu beweisen, dass wir Ihre Erwartungen übertreffen werden. Entscheiden Sie sich für unsere Transportlösungen und entdecken Sie die wahre Bedeutung eines erstklassigen Transportservices,Sammelgutverkehr,Das Vertrauen in diejenigen, die wissen, wie man kleine und mittelgroße Sendungen mit der richtigen Sorgfalt und Schnelligkeit abwickelt, ist von entscheidender Bedeutung, um die produktive oder kommerzielle Tätigkeit niemals zu unterbrechen.,Außergewöhnlicher Transport und Projektladung"
home.destinations.items[0].text,
home.destinations.items[0].image,
home.destinations.items[0].href,
home.destinations.items[1].title,
home.destinations.items[1].text,
home.destinations.items[1].image,
home.destinations.items[1].href,
home.destinations.items[2].title,
home.destinations.items[2].text,
home.destinations.items[2].image,
home.destinations.items[2].href,
home.destinations.items[3].title,
home.destinations.items[3].text,
home.destinations.items[3].image,
home.destinations.items[3].href,
home.destinations.items[4].title,
home.destinations.items[4].text,
home.destinations.items[4].image,
home.destinations.items[4].href,
home.services.title,
home.services.intro[0],
home.services.items[0].title,
home.services.items[0].description,
home.services.items[1].title,
home.services.items[1].description,"Eine Transportart, die nicht nur gründliche Kenntnisse, sondern auch ein sorgfältiges Studium der Routen, Vorschriften und Eigenschaften der Waren und der Gebiete, in denen die Transporte durchgeführt werden, erfordert.,Full Container Services,Extrem schnelle Transitzeiten und -frequenzen, Verfügbarkeit von Platz an Bord der Schiffe und eine große Vielfalt an Containertypen, um die unterschiedlichsten Anforderungen zu erfüllen.,All Risks Insurance,Für diejenigen, die nichts dem Zufall überlassen wollen. Eine Versicherung, die gegen jedes Risiko während des Transports schützt. Der Schlüssel für einen reibungslosen Transport. Unsere robuste All-Risk-Police ist auf Anfrage erhältlich.,Wir sind nicht nur Spediteure,Wir wissen, dass die Welt der Logistik komplex sein kann, aber wir sind hier, um sie für Sie einfacher zu machen.,Was unterscheidet uns von anderen? Wir sind stolz darauf, im Laufe der Zeit spezialisierte Dienstleistungen entwickelt zu haben, die es uns ermöglichen, Sendungen in den Maghreb und in andere geografische Gebiete mit einer einzigartigen und soliden Struktur zu verwalten... Von dem Moment an, in dem die Ware das Haus des Exporteurs verlässt, bis sie dem Importeur zur Verfügung gestellt wird, kontrollieren wir jeden Schritt dank der Ausbildung unserer Mitarbeiter, die in der Lage sind, die Dynamik und die Abläufe des internationalen Transports vollständig zu verstehen. Unser Ziel ist es, das Vertrauen unserer Kunden zu gewinnen, indem wir zeigen, dass wir uns unermüdlich für ein kontinuierliches Wachstum einsetzen. Wenn Sie sich für Bongiorno entscheiden, entscheiden Sie sich für Sicherheit und Effizienz, vertrauen Sie uns alle Ihre internationalen Transporte an und entdecken Sie, wie wir den Transport von Waren zu einer reibungslosen Erfahrung machen..,Die Qualifikation als AEO-Operator und die ISO 9001:2015-Zertifizierung unserer italienischen Muttergesellschaft sowie die Mitgliedschaft im WCA-Netz sind eine Garantie für die Qualität unserer Dienstleistungen, auf die wir stolz sind. Um unsere Kunden zu beruhigen, bieten wir außerdem eine optionale ""All Risks""-Police an, die den gesamten Rechnungsbetrag abdeckt. Was auch immer während des Transports passiert, Sie sind immer in Sicherheit,Lkw und Container auf der Straße,Unsere Qualität, zertifiziert und anerkannt,Bongiorno Italia (Bongiorno SRL) hat 2014 den AEO-Status für Zollvorgänge erhalten, der von enormer Bedeutung ist, da er schnellere Sendungen, mehr Kommunikation zwischen den Parteien der Lieferkette und weniger Sicherheitsprobleme ermöglicht. Er ist das Ergebnis eines gründlichen Überprüfungsverfahrens durch die italienische Zoll- und Monopolbehörde und ist für diejenigen von Interesse, die unsere Dienstleistungen in Anspruch nehmen. Darüber hinaus ist Bongiorno SRL seit vielen Jahren nach ISO 9001 zertifiziert, was für unsere Kunden eine weitere Qualitätsgarantie darstellt.,Unsere Qualitätspolitik finden Sie hier.,Die Büros,Dank unserer eigenen Mitarbeiter und Büros in fünf Mittelmeerländern können wir Sendungen in den und aus dem Maghreb mit der Kompetenz derjenigen, die mit der sich ständig ändernden täglichen Dynamik dieses Gebiets vertraut sind, und mit der Schnelligkeit derjenigen, die die Probleme kennen, verwalten,Wir garantieren ein sofortiges und direktes Eingreifen, um die beste Lösung zu finden, die jede Sendung zu einem erfolgreichen Abschluss bringt, und die Auswahl von WCA-zertifizierten Partnern ermöglicht es uns, auf eine hochprofessionelle und umfassende Unterstützung überall auf der Welt zu zählen. Um nichts dem Zufall zu überlassen, kontaktieren Sie uns"
home.services.items[2].title,
home.services.items[2].description,
home.services.items[3].title,
home.services.items[3].description,
home.content.title,
home.content.intro1,
home.content.intro2,
home.content.intro3,
home.content.intro4,
home.content.intro5,
home.content.blocks[0].title,
home.content.blocks[0].text1,
home.content.blocks[0].text2,
home.content.blocks[0].text3,
home.content.blocks[0].text4,
home.content.blocks[0].alt,
home.quality.title,
home.quality.text1,
home.quality.text2,
home.sedi.title,
home.sedi.intro1,
home.sedi.intro2,
home.sedi.intro3,
home.sedi.contactLabel,
home.sedi.globalTitle,"Bongiorno in der Welt,Der internationale Charakter unserer Tätigkeit und unser kontinuierliches Wachstum haben uns dazu veranlasst, unsere Dienstleistungen über die Grenzen der Länder, in denen wir bereits vertreten sind, hinaus auszuweiten, und zwar seit einiger Zeit dank der wertvollen Unterstützung und Hilfe des Agenturnetzes der World Trade Alliance, deren Mitglied wir seit 2009 sind.,Kontakt,Bongiorno Italia,/img/flags/de.svg,Die 1985 gegründete Bongiorno srl ist unsere Muttergesellschaft..,Mit Sitz in Gallarate, nur 5 Minuten vom Mailänder Flughafen Malpensa entfernt, treffen sich hier die wichtigsten Verkehrslinien, die aus den Industrieregionen Mittel- und Norditaliens kommen.,Die Nähe zu den wichtigsten Handelshäfen des nördlichen Mittelmeers versetzt uns in eine privilegierte Position, um extreme Schnelligkeit und Effizienz bei der Ausführung von Transportaufträgen zu garantieren...,Bongiorno Spanien,/img/banderas/de.svg,Mit dem Hauptsitz in Barcelona und den strategischen Logistikplattformen in Spanien und Portugal ist unser Hauptsitz in Spanien in der Lage, einen präzisen und umfassenden Service von und nach der gesamten Iberischen Halbinsel zu garantieren und stellt heute für die Gruppe einen Punkt von grundlegender Bedeutung für die Entwicklung des Verkehrs nach Nordafrika dar...,Bongiorno Frankreich,/img/flags/fr.svg,Unser Hauptsitz befindet sich in Marseille, an der Hauptzufahrtsstraße zur Stadt und nur 1 km vom Hafen entfernt, einem strategischen Punkt für den Seeverkehr zu den Häfen des Maghreb und des gesamten Mittelmeers,Wir verfügen auch über Logistikplattformen in den sensibelsten Gebieten (Region Paris, Region Lyon, Nordfrankreich). Mit unseren Straßentransportdiensten können wir auch einen großen Teil Deutschlands sowie ganz Belgien und die Niederlande bedienen.,Bongiorno Tunesien,/img/flags/tn.svg,Stellt unsere erste kommerzielle und operative Basis in Nordafrika dar. Die operative Struktur von Bongiorno Tunesien wird derzeit als eine der wichtigsten Realitäten im Transportsektor in Tunesien angesehen.,Wir nutzen drei Containerterminals mit Zolllagern in den wichtigsten tunesischen Häfen (Rades, Sousse und Sfax), die es uns ermöglichen, die Bedürfnisse aller tunesischen Wirtschaftsbeteiligten für jede Art von Transport zu erfüllen..,Bongiorno Algerien,/img/flags/dz.svg,Algerien ist ein Land in voller wirtschaftlicher Entwicklung und eine Realität, die auf der internationalen Bühne immer mehr an Bedeutung gewinnt.,Aus diesem Grund haben wir Anfang der 2000er Jahre Bongiorno Algérie gegründet, in der Überzeugung, dass unsere Erfahrung und Professionalität ein nützliches und geschätztes Instrument für algerische und europäische Wirtschaftsbeteiligte bei der Entwicklung ihrer Aktivitäten sein könnte.,Bongiorno in der Welt"
home.sedi.globalText,
home.sedi.globalContact,
home.sedi.locations[0].name,
home.sedi.locations[0].flag,
home.sedi.locations[0].description[0],
home.sedi.locations[0].description[1],
home.sedi.locations[0].description[2],
home.sedi.locations[0].contactUrl,#
home.sedi.locations[1].name,
home.sedi.locations[1].flag,
home.sedi.locations[1].description[0],
home.sedi.locations[1].description[1],
home.sedi.locations[1].contactUrl,#
home.sedi.locations[2].name,
home.sedi.locations[2].flag,
home.sedi.locations[2].description[0],
home.sedi.locations[2].description[1],
home.sedi.locations[2].contactUrl,#
home.sedi.locations[3].name,
home.sedi.locations[3].flag,
home.sedi.locations[3].description[0],
home.sedi.locations[3].description[1],
home.sedi.locations[3].contactUrl,#
home.sedi.locations[4].name,
home.sedi.locations[4].flag,
home.sedi.locations[4].description[0],
home.sedi.locations[4].description[1],
home.sedi.locations[4].contactUrl,#
home.sedi.locations[5].name,
home.sedi.locations[5].flag,"/img/flags/dz.svg,Die Internationalität unserer Tätigkeit und unser kontinuierliches Wachstum haben uns dazu veranlasst, unsere Dienstleistungen über die Grenzen der Länder hinaus zu erweitern, in denen wir seit einiger Zeit etabliert und konsolidiert sind, dank der wertvollen Unterstützung und Hilfe des Agenturnetzwerks, das von der World Trade Alliance (WCA) garantiert wird, deren Mitglied wir seit 2009 sind...,Angebot anfordern,Kontaktieren Sie uns über das Formular und Sie werden so schnell wie möglich von einem unserer Vertriebsmitarbeiter betreut..,Wählen Sie eine Option,Mehr,Firmenname,Ich bin eine Privatperson,Vor- und Nachname,E-Mail-Adresse,Telefonnummer,Ort,Postleitzahl,Adresse,Abgangsland,Land angeben,Abholort,Postleitzahl,Abholadresse,Bestimmungsland,Bestimmungsland angeben,Transport beinhaltet Gefahrgut,Güterklasse (ADR),Geschätztes Gewicht (kg),Geschätztes Volumen (m³)"
home.sedi.locations[5].description[0],
home.sedi.locations[5].contactUrl,#
quote.title,
quote.id,129837
quote.subtitle,
quote.select,
quote.other,
quote.fields.companyName,
quote.fields.isPrivate,
quote.fields.name,
quote.fields.email,
quote.fields.phone,
quote.fields.city,
quote.fields.zip,
quote.fields.address,
quote.fields.originCountry,
quote.fields.originOther,
quote.fields.originCity,
quote.fields.originZip,
quote.fields.originAddress,
quote.fields.destinationCountry,
quote.fields.destinationOther,
quote.fields.dangerousGoods,
quote.fields.goodsClass,
quote.fields.estimatedWeight,
quote.fields.estimatedVolume,
quote.fields.details,"Beschreibung oder zusätzliche Angaben,Ich stimme der Verarbeitung meiner Daten zu (obligatorisch, siehe Datenschutzerklärung hier),Datenschutzerklärung,Firmenname,Z.B. Sammelgut, Vollgut, Container, etc.,Geben Sie hier Ihre Versanddaten ein...,Geben Sie das Land an,Straße / Hausnummer,Ort,Postleitzahl,Angebotsanfrage senden,Senden...,Anfrage erfolgreich gesendet! Wir werden Sie in Kürze kontaktieren...,Fehler beim Senden. Bitte versuchen Sie es später noch einmal,Sie müssen der Verarbeitung Ihrer Daten zustimmen, um fortzufahren,Seit 1985 sind wir führend im Transport zwischen Europa und dem Maghreb, hauptsächlich Tunesien, Algerien und Marokko, sowie vielen anderen Zielen, und bedienen jedes Jahr mehr als 60 Länder in der ganzen Welt..,Klare Tarife und keine Überraschungen,Lokale Büros in Tunesien, Algerien, Italien, Spanien und Frankreich,Sammelgut, FCL und Projektladung,Auswahl an Versicherungen, einschließlich All Risks,Über 35 Jahre Erfahrung,Angebot anfordern,Jetzt anrufen,Rechtliches,Bongiorno Srl - VAT 10408830155"
quote.fields.consent,
quote.privacyLink,
quote.placeholders.company,
quote.placeholders.transport,
quote.placeholders.details,
quote.placeholders.otherCountry,
quote.placeholders.address,
quote.placeholders.city,
quote.placeholders.zip,
quote.submit,
quote.sending,
quote.success,
quote.error,
quote.errors.noConsent,
quote.intro,
quote.features[0],
quote.features[1],
quote.features[2],
quote.features[3],
quote.features[4],
quote.cta.quote,
quote.cta.call,
footer.legal.title,
footer.legal.company,
footer.legal.details,"Adresse: Via Marsala, 40 - 21013 Gallarate (Varese),Nützliche Links,Reiseziele,Arbeiten Sie mit uns,Über uns,Datenschutz,Kontakte,Kontakte,+39 0331 776 334,Via Marsala, 40 - 21013 Gallarate (VA),Alle Rechte vorbehalten..,Dienstleistungen,Dank unserer Erfahrung und unserer direkten Präsenz in den wichtigsten Mittelmeerländern bieten wir ein komplettes Angebot an internationalen Transport- und Logistikdienstleistungen, die Pünktlichkeit, Sicherheit und Komfort garantieren.,Sammelgutverkehr,#Group,Für Industrie, Handel und Großbaustellen haben wir Dienstleistungen geschaffen, die dem Transport die besten Leistungen und Bedingungen bieten. Damit Ihre Waren immer pünktlich ankommen.,Lkw,Komplette Transporte,#komplett,Schnelligkeit in Bezug auf Frequenz und Transitzeiten, Verfügbarkeit von Platz an Bord von Schiffen und eine große Auswahl an Containern in den wichtigsten Häfen des Maghreb.,Kogge,Außergewöhnliche Transporte und Projet Cargo,#außergewöhnlich,Transporte, die eine hohe Spezialisierung und eine sorgfältige Untersuchung der Routen, Vorschriften, Eigenschaften der Waren und Gebiete erfordern.,ShieldCheck"
footer.links.title,
footer.links.destinations,
footer.links.workwithus,
footer.links.about,
footer.links.privacy,
footer.links.contacts,
footer.contact.title,
footer.contact.email,bongiorno@bongiornosrl.com
footer.contact.phone,
footer.contact.address,
footer.rights,
services.title,
services.intro,
services.cards[0].icon,Package
services.cards[0].title,
services.cards[0].href,
services.cards[0].text,
services.cards[1].icon,
services.cards[1].title,
services.cards[1].href,
services.cards[1].text,
services.cards[2].icon,
services.cards[2].title,
services.cards[2].href,
services.cards[2].text,
services.cards[3].icon,
services.cards[3].title,"Kaskoversicherung,#Versicherung,Um nichts dem Zufall zu überlassen. Eine Versicherungspolice auf Anfrage, die gegen jedes Risiko während des Transports schützt.,Sammelgutverkehr,Ein weites Netz von Straßenbetreibern, das das gesamte europäische Territorium abdeckt, garantiert, dass die Waren in kürzester Zeit und mit den besten Qualitätsgarantien in unseren Sammelzentren ankommen.,Wir verfügen über moderne Logistikbereiche, die mit hocheffizienten Fahrzeugen und Personal ausgestattet sind und über moderne Sicherheitssysteme verfügen, die bereit sind, sich an die unterschiedlichsten Bedürfnisse anzupassen.,Als AEO-Betreiber in Italien verwalten wir die Zollvorgänge direkt in den Sammelzentren, mit unserem Personal und mit Echtzeitdynamik. Wir sind uns der Bedeutung jedes einzelnen Dokuments bewusst.,Die Regelmäßigkeit und Häufigkeit unserer Dienste, mit der Möglichkeit, auch sekundäre Häfen im Maghreb anzusteuern, ermöglicht es uns, unseren Kunden eine einzigartige Palette von Dienstleistungen auf diesen Märkten anzubieten.,Wählen Sie Bongiorno für einen Transportdienst, der Ihre Erwartungen übertrifft und Sie begleitet, wo immer Sie ihn brauchen. Setzen Sie sich mit uns in Verbindung, um herauszufinden, wie wir Ihnen helfen können, Ihre Sendungen zu optimieren und neue Märkte mit Vertrauen zu erreichen. Unsere Erfahrung und unser Engagement werden Ihnen immer zur Seite stehen!,Lkw,Komplette Transporte,Wir sind uns bewusst, dass der Erfolg einer Sendung von vielen Variablen abhängt, und unsere Spezialisierung in diesem Bereich macht uns zum idealen Partner, um alle Eventualitäten zu bewältigen.,Liebe zum Detail, von der Wahl des idealen Seefrachtspediteurs je nach Markt bis hin zur Zuverlässigkeit der Dienstleistungen und der Verfügbarkeit der Ausrüstung. Nichts wird dem Zufall überlassen.,Wir haben große Ressourcen eingesetzt, um alle Komponenten, die unserem Transport ein Höchstmaß an Zuverlässigkeit verleihen, immer effizienter zu verwalten.,Wenn Sie also einen zuverlässigen und effizienten Container- oder Full-Trailer-Transportdienst suchen, sind wir für Sie da. Um Ihre Waren schnell und sicher zu transportieren,,Cog,Außergewöhnliche Transporte und Project Cargo, Eine Art von Transport, die nicht nur ein tiefes Wissen, sondern auch ein sorgfältiges Studium der Routen, Vorschriften, Eigenschaften der Waren und der Gebiete, in denen die Transporte durchgeführt werden, erfordert. Wir berücksichtigen alle Eventualitäten, um sicherzustellen, dass technische oder bürokratische Hindernisse das Ergebnis nicht beeinträchtigen, und wählen die zuverlässigsten und am besten geeigneten Partner auf dem Land- und Seeweg für die Länder aus, die Sie durchqueren möchten. Die Garantien, die wir unseren Kunden bei diesen heiklen Transporten bieten. Um die uns anvertrauten Güter sicher abzuliefern, erachten wir die ""All Risks""-Versicherung als ein Instrument von großer Bedeutung. Aus diesem Grund verfügen wir über eine nachweislich zuverlässige Police, die wir unseren Kunden auf ausdrücklichen Wunsch zur Verfügung stellen,Unsere stabile und langjährige Präsenz vor Ort macht uns zu einem soliden Partner, der in der Lage ist, jedes unvorhergesehene Ereignis schnell zu lösen und auf allen Märkten, auf denen wir tätig sind, ein Höchstmaß an Schnelligkeit, Sicherheit und Garantie zu bieten."
services.cards[3].href,
services.cards[3].text,
services.details[0].id,agrupamiento
services.details[0].icon,Package
services.details[0].title,
services.details[0].paragraphs[0],
services.details[0].paragraphs[1],
services.details[0].paragraphs[2],
services.details[0].paragraphs[3],
services.details[0].paragraphs[4],
services.details[1].id,trajes
services.details[1].icon,
services.details[1].title,
services.details[1].paragraphs[0],
services.details[1].paragraphs[1],
services.details[1].paragraphs[2],
services.details[1].paragraphs[3],
services.details[2].id,excepcional
services.details[2].icon,
services.details[2].title,
services.details[2].paragraphs[0],
services.details[2].paragraphs[1],
services.details[3].id,seguro
services.details[3].icon,
services.details[3].title,
services.details[3].paragraphs[0],
services.details[3].paragraphs[1],
ctaBanner.cta_main,
ctaBanner.claim,
ctaBanner.cta.ctacontatti,"Kontakt,/Kontakte,Weitere Informationen über Dienstleistungen,/Dienstleistungen,Rufen Sie uns an oder schreiben Sie uns und wir werden Sie mit unserem am besten geeigneten Vertriebsmitarbeiter in Verbindung setzen,Wir sprechen Italienisch, Französisch, Spanisch, Englisch und Deutsch,Angebot anfordern,Über uns,Wir führen seit 1985 internationale Transporte durch und garantieren Effizienz und Zuverlässigkeit..,Hauptsitz und Logistik Bongiorno,Mehr als,Transporte pro Jahr,Aktiv seit,Jahren,Mehr als,Mitarbeiter in 5 Ländern,Im Jahr 1985, in Gallarate, begann die Geschichte unseres Unternehmens, Frucht einer großen Intuition unseres Gründers und Präsidenten: in Tunesien das große Potential und die Affinitäten, die uns vereinen, zu lesen und in sie zu investieren...,Seit Beginn unserer Tätigkeit haben wir eine Politik der Spezialisierung verfolgt, indem wir all unsere technischen und personellen Ressourcen genau auf den tunesischen Markt und in einer zweiten Phase auf den gesamten Maghreb ausgerichtet haben. Diese Besonderheit hat es unserer Organisation ermöglicht, sich auf den nordafrikanischen Märkten zu konsolidieren und zu einem Referenzunternehmen für Transporte in dieser Region zu werden. Ohne jemals die wirklichen Bedürfnisse der Exporteure und Importeure aus den Augen zu verlieren und sich an die sich verändernden Realitäten der Länder und Märkte sowohl am Bestimmungsort als auch beim Abgang der Waren anzupassen, dachten wir nach der Konsolidierung unserer Linien, dass unsere Vision des Transports auch über diese Grenzen hinausgehen sollte und dass wir dadurch unsere Identität nicht verlieren, sondern im Gegenteil bereichern würden..,Die internationale Dimension unserer Transporte wird heute täglich von unseren Kunden anerkannt, die uns immer häufiger mit der Abwicklung ihrer Sendungen in der ganzen Welt betrauen.,Unsere Geschichte,Der Sitz von Bongiorno in Gallarate, Via Marsala 40, Firmensitz,Kontakt,Adresse"
ctaBanner.cta.hrefcontatti,
ctaBanner.cta.ctaservizi,
ctaBanner.cta.hrefservizi,
ctaBanner.cta.contattaci,
ctaBanner.cta.parliamo,
ctaBanner.cta.quote,
about.hero.title,
about.hero.subtitle,
about.hero.alt,
about.counters.transports_prefix,
about.counters.transports_label,
about.counters.years_prefix,
about.counters.years_label,
about.counters.employees_prefix,
about.counters.employees_label,
about.text1,
about.text2,
about.text3,
about.text4,
about.text5,
about.subtitle,
about.sede,
contact.title,
contact.address.label,
contact.address.value,"Via Marsala 40, Gallarate, Varese, 21013 Italien,Email,Telefon,+39 0331 776 334,Schreiben Sie uns eine Nachricht,Name,Email,Nachricht,Senden,Senden...,Nachricht gesendet.,Ich stimme der Verarbeitung meiner Daten zu (erforderlich, siehe Datenschutzrichtlinie hier),Sie müssen der Verarbeitung Ihrer Daten zustimmen, um fortzufahren."
contact.email.label,
contact.email.value,bongiorno@bongiornosrl.com
contact.phone.label,
contact.phone.value,
contact.form.title,
contact.form.name,
contact.form.email,
contact.form.message,
contact.form.submit,
contact.form.sending,
contact.form.success,
contact.form.consent,
contact.form.noConsent,
